"name ","type","priceRange","cuisine","aggregatedRating","reviewCount","directUrl","website"
,"Restaurants","$11-30","Burgers","4.7","81","https://www.yelp.com/biz/tollhouse-market-and-grill-tollhouse",""
,"Restaurants",,"American","3.5","21","https://www.yelp.com/biz/the-point-shaver-lake",""
,"Nightlife",,,"4","31","https://www.yelp.com/biz/the-sawmill-shaver-lake",""
,"Nightlife","$11-30",,"3.9","205","https://www.yelp.com/biz/shaver-lake-pub-n-grub-shaver-lake","http://www.shaverlakepubngrub.com"
,"Restaurants","$11-30","American","4.6","47","https://www.yelp.com/biz/mountain-oaks-cafe-oakhurst",""
,"Arts & Entertainment","$11-30",,"4.6","118","https://www.yelp.com/biz/idle-hour-winery-and-kitchen-oakhurst","http://www.idlehourwinery.com"
,"Restaurants","$11-30","New American","3.8","163","https://www.yelp.com/biz/the-trading-post-shaver-lake","http://www.shavertradingpost.com/"
,"Restaurants","$11-30","American","4.1","1576","https://www.yelp.com/biz/south-gate-brewing-company-oakhurst-4","http://southgatebrewco.com/"
,"Nightlife","$11-30",,"4.3","45","https://www.yelp.com/biz/shorthorn-bar-and-grill-shaver-lake","https://shorthornbarandgrill.com"
,"Food",,,"4.9","53","https://www.yelp.com/biz/matsumoto-samurais-kitchen-oakhurst",""
,"Restaurants","$11-30","Pizza","3.8","368","https://www.yelp.com/biz/shaver-lake-pizza-shaver-lake","https://shaverlakepizza.com"
,"Food","$11-30",,"4.3","52","https://www.yelp.com/biz/mountain-tripper-cafe-and-tea-house-shaver-lake",""
,"Restaurants",,"Cafes","4.8","26","https://www.yelp.com/biz/hot-shot-coffee-shack-north-fork-2",""
,"Restaurants","Above $61","French","4.5","288","https://www.yelp.com/biz/the-elderberry-house-oakhurst-2","https://chateausureau.com/cuisine/"
,"Restaurants","$11-30","Seafood","3.8","633","https://www.yelp.com/biz/duceys-on-the-lake-bass-lake-2","https://www.basslake.com/dining"
,"Restaurants","$11-30","Mexican","4.7","100","https://www.yelp.com/biz/don-fernandos-prather-2","http://www.donfernandos.com"
,"Active Life","$11-30",,"4.3","265","https://www.yelp.com/biz/millers-landing-resort-bass-lake","http://millerslanding.com/"
,"Restaurants","$11-30","Barbeque","4.5","814","https://www.yelp.com/biz/smokehouse-41-oakhurst","http://smokehouse41.com"
,"Restaurants","$11-30","Mexican","3.9","151","https://www.yelp.com/biz/velascos-mexican-restaurant-prather",""
,"Nightlife","$11-30",,"3.8","10","https://www.yelp.com/biz/broken-arrow-bar-and-grill-auberry","http://monowind.com"
,"Restaurants","$11-30","Mexican","4.4","261","https://www.yelp.com/biz/casa-velasco-mexican-restaurant-bass-lake",""
,"Restaurants","$31-60","Cafes","3.5","13","https://www.yelp.com/biz/wagners-mammoth-pool-resort-cafe-north-fork","http://mammothpool.com/store.html"
,"Restaurants",,"Tacos","5","1","https://www.yelp.com/biz/nueva-italia-shaver-lake",""
,"Restaurants",,"Pizza","5","1","https://www.yelp.com/biz/loretzeria-pizza-auberry","https://loretzeriapizza.com"
,"Restaurants",,"Seafood","3.6","12","https://www.yelp.com/biz/buffalo-bar-fish-camp","https://www.narrowgaugeinn.com/dining"
,"Restaurants","Under $10","Delis","3.8","113","https://www.yelp.com/biz/shaver-coffee-and-deli-shaver-lake",""
,"Restaurants","Under $10","Delis","4.2","84","https://www.yelp.com/biz/fish-camp-general-store-fish-camp",""
,"Restaurants","$11-30","New American","4.1","379","https://www.yelp.com/biz/oakhurst-grill-and-whiskey-41-lounge-oakhurst","http://www.OakhurstGrillandWhiskey41.com"
,"Restaurants","$11-30","Burgers","3.4","371","https://www.yelp.com/biz/hungry-hut-shaver-lake","https://www.hungryhutshaver.com"
,"Restaurants",,"Vietnamese","4","55","https://www.yelp.com/biz/pho-d-lite-lexington-park",""
,"Restaurants","$11-30","American","2.8","106","https://www.yelp.com/biz/stoneys-clarkes-landing-hollywood","http://stoneysseafoodhouse.com/clarkeslanding/"
,"Restaurants","$11-30","Sushi Bars","4.1","84","https://www.yelp.com/biz/island-sushi-solomons",""
,"Restaurants","$11-30","Pizza","3.3","152","https://www.yelp.com/biz/nicollettis-pizza-california",""
,"Food","Under $10",,"4.5","14","https://www.yelp.com/biz/ise-da-bye-lusby",""
,"Restaurants","$11-30","Sandwiches","3.5","182","https://www.yelp.com/biz/the-pier-restaurant-solomons","https://thepiersolomons.com"
,"Restaurants","Under $10","American","3.9","41","https://www.yelp.com/biz/buckhorn-saloon-north-fork","http://www.buckhornsaloon.net/"
,"Restaurants","$11-30","Pizza","3.6","42","https://www.yelp.com/biz/pizza-factory-north-fork","http://www.pizzafactory.com/locations/north-fork"
,"Restaurants","$11-30","New American","3.5","2","https://www.yelp.com/biz/village-restaurant-and-bakery-shaver-lake",""
,"Restaurants","$11-30","Mexican","4.7","59","https://www.yelp.com/biz/los-2-carnales-oakhurst",""
,"Restaurants",,"Pizza","4.9","8","https://www.yelp.com/biz/cryptic-pizza-solomons","http://www.crypticpizza.com"
,"Nightlife",,,"3.7","27","https://www.yelp.com/biz/ducey-s-bar-and-grill-bass-lake",""
,"Restaurants","$11-30","Seafood","4","58","https://www.yelp.com/biz/bugeye-grill-solomons","https://www.bugeyegrill.com"
,"Nightlife",,,"2.7","58","https://www.yelp.com/biz/the-greene-turtle-sports-bar-and-grille-california-2","https://thegreeneturtle.com/location/california-md/"
,"Food","$11-30",,"4.2","106","https://www.yelp.com/biz/glow-caf%C3%A9-oakhurst","http://www.glowjuice.net"
,"Restaurants",,"Puerto Rican","4.5","4","https://www.yelp.com/biz/el-coqui-california",""
,"Restaurants",,"Burgers","3.3","57","https://www.yelp.com/biz/marina-bar-and-grill-bass-lake-4",""
,"Restaurants",,"Burgers","4.6","16","https://www.yelp.com/biz/jones-store-bass-lake-2",""
,"Restaurants","$11-30","Chinese","3.8","340","https://www.yelp.com/biz/china-delight-oakhurst",""
,"Hotels & Travel","$11-30",,"3.8","171","https://www.yelp.com/biz/the-forks-resort-bass-lake","http://www.theforksresort.com/"
,"Restaurants","Under $10","Burgers","4.1","470","https://www.yelp.com/biz/petes-place-oakhurst",""
,"Restaurants","$11-30","Pizza","2.7","116","https://www.yelp.com/biz/timberloft-pizzeria-fish-camp-2","https://www.visittenaya.com/dining/timberloft-pizzeria/"
,"Restaurants","$11-30","Pizza","3.1","77","https://www.yelp.com/biz/pizza-factory-prather-3","http://pizzafactory.com/locations/prather/"
,"Restaurants","$31-60","Pizza","3.2","68","https://www.yelp.com/biz/pines-village-bakery-pizzeria-bass-lake",""
,"Event Planning & Services","$11-30",,"3.2","59","https://www.yelp.com/biz/white-chief-mountain-lodge-fish-camp","http://whitechiefmountainlodge.com/"
,"Restaurants","$11-30","Mexican","3.6","540","https://www.yelp.com/biz/el-cid-mexican-cuisine-oakhurst-2","http://www.elcidmexicancuisine.com"
,"Restaurants",,"Chicken Shop","3","4","https://www.yelp.com/biz/krispy-krunchy-chicken-prather","https://www.krispykrunchy.com/locations/store-3186"
,"Restaurants","Under $10","Mexican","3.8","115","https://www.yelp.com/biz/mariscos-colima-oakhurst-2",""
,"Restaurants","$11-30","Pizza","3.3","287","https://www.yelp.com/biz/pizza-factory-oakhurst-5","http://www.pizzafactory.com/locations/oakhurst"
,"Automotive",,,"5","1","https://www.yelp.com/biz/chevron-north-fork-north-fork",""
,"Restaurants","$11-30","Sushi Bars","2.9","161","https://www.yelp.com/biz/kyoto-kafe-oakhurst",""
,"Restaurants",,"American","1","1","https://www.yelp.com/biz/off-the-grill-wawona",""
,"Restaurants","Under $10","Sandwiches","3.5","25","https://www.yelp.com/biz/subway-prather-2","https://restaurants.subway.com/united-states/ca/prather/29424-auberry-rd?utm_source=yext-other&utm_medium=local&utm_term=acq&utm_content=23146&utm_campaign=evergreen-2020"
,"Restaurants","$11-30","Chinese","3.1","183","https://www.yelp.com/biz/taste-of-china-oakhurst","http://tasteofchinaoc.com"
,"Restaurants","$11-30","Pizza","3.9","154","https://www.yelp.com/biz/round-table-pizza-oakhurst","https://ordering.roundtablepizza.com/Site/rtoakhurst"
,"Restaurants","Under $10","Mexican","2.4","71","https://www.yelp.com/biz/taco-bell-oakhurst","https://www.tacobell.com/food/cravings-value-menu?utm_source=yelp&utm_medium=paid-social&utm_campaign=cravingsvaluemenu&utm_term=launch"
,"Food","Under $10",,"4.1","28","https://www.yelp.com/biz/mar-val-food-stores-prather","http://marvalfoodstores.org"
,"Restaurants",,"Fast Food","3.3","8","https://www.yelp.com/biz/chesters-fried-chicken-oakhurst",""
,"Food",,,"4.5","6","https://www.yelp.com/biz/pappys-spuds-and-more-oakhurst",""
,"Restaurants","$11-30","Diners","1.9","343","https://www.yelp.com/biz/dennys-oakhurst-2","https://locations.dennys.com/CA/OAKHURST/248806?utm_source=yext&utm_medium=local-listing&utm_campaign=yext-listing"
,"Restaurants","Under $10","Pizza","4","36","https://www.yelp.com/biz/papa-murphys-oakhurst","https://www.papamurphys.com/store-finder/CA/Oakhurst"
,"Restaurants","$11-30","Pizza","3.3","135","https://www.yelp.com/biz/me-n-eds-pizzeria-oakhurst","http://www.meneds.com"
,"Restaurants","Under $10","Fast Food","2.3","82","https://www.yelp.com/biz/mcdonalds-oakhurst","http://www.mcdonalds.com"
,"Restaurants","Under $10","Fast Food","2.6","39","https://www.yelp.com/biz/carls-jr-oakhurst","https://locations.carlsjr.com/ca/oakhurst/40242-hwy-41?utm_source=yext&utm_medium=gmb-button&utm_campaign=search&utm_content=website"
,"Food","$11-30",,"3.1","73","https://www.yelp.com/biz/raleys-oakhurst","https://www.raleys.com/stores/raleys-hwy-49-oakhurst-california/"
,"Restaurants",,"Tacos","3.7","34","https://www.yelp.com/biz/jack-in-the-box-oakhurst-2","https://locations.jackinthebox.com/us/ca/oakhurst/40070-highway-49?utm_source=yelp&utm_medium=local&utm_campaign=yelp-local"
,"Restaurants",,"Breakfast & Brunch","2.5","24","https://www.yelp.com/biz/shaver-lake-gas-and-deli-shaver-lake",""
,"Restaurants","Under $10","Fast Food","2.8","39","https://www.yelp.com/biz/subway-oakhurst-4","https://restaurants.subway.com/united-states/ca/oakhurst/40278-stagecoach-rd?utm_source=yext-other&utm_medium=local&utm_term=acq&utm_content=7552&utm_campaign=evergreen-2020"
,"Restaurants","Under $10","Delis","3.8","104","https://www.yelp.com/biz/deli-delicious-oakhurst","https://delidelicious.oftendining.com/?store_id=11852"
,"Restaurants",,"Restaurants",,"0","https://www.yelp.com/biz/ol-kettle-restaurant-bass-lake",""
,"Restaurants","$11-30","New American","1.9","7","https://www.yelp.com/biz/the-beach-at-the-point-auberry",""
,"Restaurants",,"Hot Dogs",,"0","https://www.yelp.com/biz/jersey-dogs-oakhurst","http://www.jerseydogs.net"
